"num_of_columns","columns","wlp"
"7","1 2 4 8 16 15 19","0 0 0 1 2 0 0"
"7","1 2 4 8 16 31 7","0 0 0 2 0 1 0"
"7","1 2 4 8 16 7 11","0 0 0 3 0 0 0"
"7","1 2 4 8 7 11 13","0 0 0 7 0 0 0"
"7","1 2 4 8 16 31 3","0 0 1 0 1 1 0"
"7","1 2 4 8 16 7 24","0 0 1 1 0 0 1"
"7","1 2 4 8 16 15 3","0 0 1 1 1 0 0"
"7","1 2 4 8 16 3 12","0 0 2 0 0 1 0"
"7","1 2 4 8 16 7 3","0 0 2 1 0 0 0"
"7","1 2 4 8 3 5 14","0 0 2 3 2 0 0"
"7","1 2 4 8 3 5 10","0 0 3 2 1 1 0"
"7","1 2 4 8 3 5 9","0 0 3 3 0 0 1"
"7","1 2 4 8 3 5 6","0 0 4 3 0 0 0"
"7","1 2 4 3 5 6 7","0 0 7 7 0 0 1"
"8","1 2 4 8 16 15 19 21","0 0 0 3 4 0 0 0"
"8","1 2 4 8 16 31 7 11","0 0 0 5 0 2 0 0"
"8","1 2 4 8 16 7 11 19","0 0 0 6 0 0 0 1"
"8","1 2 4 8 16 7 11 13","0 0 0 7 0 0 0 0"
"8","8 9 10 11 12 13 14 15","0 0 0 14 0 0 0 1"
"8","1 2 4 8 16 15 19 5","0 0 1 2 3 1 0 0"
"8","1 2 4 8 16 15 19 7","0 0 1 3 2 0 1 0"
"8","1 2 4 8 16 15 19 17","0 0 2 1 2 2 0 0"
"8","1 2 4 8 16 31 3 12","0 0 2 1 2 2 0 0"
"8","1 2 4 8 16 31 7 3","0 0 2 2 1 1 1 0"
"8","1 2 4 8 16 15 19 3","0 0 2 2 2 0 0 1"
"8","1 2 4 8 16 7 11 5","0 0 2 3 2 0 0 0"
"8","1 2 4 8 16 7 24 3","0 0 3 1 0 2 1 0"
"8","1 2 4 8 16 15 3 7","0 0 3 2 1 1 0 0"
"8","1 2 4 8 16 7 11 3","0 0 3 3 0 0 1 0"
"8","7 9 10 11 12 13 14 15","0 0 3 7 4 0 1 0"
"8","1 2 4 8 16 7 3 5","0 0 4 3 0 0 0 0"
"8","6 7 9 11 12 13 14 15","0 0 4 5 4 2 0 0"
"8","6 7 10 11 12 13 14 15","0 0 4 6 4 0 0 1"
"8","6 7 9 10 11 12 13 15","0 0 5 5 2 2 1 0"
"8","3 5 6 9 10 12 14 15","0 0 7 7 0 0 1 0"
"9","1 2 4 8 16 15 19 21 25","0 0 0 6 8 0 0 1 0"
"9","1 2 4 8 16 15 19 21 22","0 0 0 7 7 0 0 0 1"
"9","1 2 4 8 16 31 7 11 21","0 0 0 9 0 6 0 0 0"
"9","1 2 4 8 16 31 7 11 13","0 0 0 10 0 4 0 1 0"
"9","1 2 4 8 16 7 11 13 14","0 0 0 14 0 0 0 1 0"
"9","1 2 4 8 16 15 19 21 9","0 0 1 5 6 2 1 0 0"
"9","1 2 4 8 16 15 19 21 7","0 0 1 7 4 0 3 0 0"
"9","1 2 4 8 16 15 19 5 24","0 0 2 3 6 4 0 0 0"
"9","1 2 4 8 16 15 19 21 3","0 0 2 4 6 2 0 1 0"
"9","1 2 4 8 16 31 7 11 5","0 0 2 5 4 2 2 0 0"
"9","1 2 4 8 16 31 7 11 12","0 0 2 5 5 2 0 0 1"
"9","1 2 4 8 16 7 11 19 5","0 0 2 6 4 0 2 1 0"
"9","1 2 4 8 16 15 19 5 10","0 0 3 3 4 4 1 0 0"
"9","1 2 4 8 16 15 19 7 17","0 0 3 3 4 4 1 0 0"
"9","1 2 4 8 16 15 19 21 17","0 0 3 3 4 4 1 0 0"
"9","1 2 4 8 16 15 19 5 3","0 0 3 4 4 2 1 1 0"
"9","1 2 4 8 16 31 7 11 3","0 0 3 5 2 2 3 0 0"
"9","1 2 4 8 16 7 11 13 3","0 0 3 7 4 0 1 0 0"
"9","1 2 4 8 16 31 3 12 19","0 0 4 3 2 4 2 0 0"
"9","1 2 4 8 16 15 19 17 18","0 0 4 3 3 4 0 0 1"
"9","1 2 4 8 16 31 3 12 15","0 0 4 3 3 4 0 0 1"
"9","1 2 4 8 16 15 19 7 3","0 0 4 4 2 2 2 1 0"
"9","1 2 4 8 16 15 19 17 3","0 0 4 4 2 2 2 1 0"
"9","1 2 4 8 16 7 11 5 9","0 0 4 5 4 2 0 0 0"
"9","1 2 4 8 16 7 11 19 3","0 0 4 6 0 0 4 1 0"
"9","1 2 4 8 16 7 11 5 6","0 0 4 6 4 0 0 1 0"
"9","7 8 9 10 11 12 13 14 15","0 0 4 14 8 0 4 1 0"
"9","1 2 4 8 16 7 24 3 5","0 0 5 3 0 4 3 0 0"
"9","1 2 4 8 16 7 11 5 3","0 0 5 5 2 2 1 0 0"
"9","5 6 7 9 10 11 13 14 15","0 0 6 9 9 6 0 0 1"
"9","6 7 9 10 11 12 13 14 15","0 0 6 10 8 4 2 1 0"
"9","1 2 4 8 16 7 3 5 6","0 0 7 7 0 0 1 0 0"
"9","5 6 7 9 10 11 12 14 15","0 0 7 9 6 6 3 0 0"
"9","3 5 6 9 10 12 13 14 15","0 0 8 10 4 4 4 1 0"
"10","1 2 4 8 16 15 19 21 25 30","0 0 0 10 16 0 0 5 0 0"
"10","1 2 4 8 16 31 7 11 21 25","0 0 0 15 0 15 0 0 0 1"
"10","1 2 4 8 16 31 7 11 21 13","0 0 0 16 0 12 0 3 0 0"
"10","1 2 4 8 16 31 7 11 13 14","0 0 0 18 0 8 0 5 0 0"
"10","1 2 4 8 16 15 19 21 25 7","0 0 1 10 11 4 3 1 1 0"
"10","1 2 4 8 16 15 19 21 22 7","0 0 1 14 7 0 7 1 1 0"
"10","1 2 4 8 16 15 19 21 9 31","0 0 2 7 12 7 2 0 0 1"
"10","1 2 4 8 16 15 19 21 25 3","0 0 2 8 12 4 2 3 0 0"
"10","1 2 4 8 16 31 7 11 21 6","0 0 2 9 9 6 4 0 1 0"
"10","1 2 4 8 16 31 7 11 13 18","0 0 2 10 8 4 6 1 0 0"
"10","1 2 4 8 16 15 19 21 9 23","0 0 3 6 11 8 1 1 1 0"
"10","1 2 4 8 16 15 19 21 9 3","0 0 3 7 10 6 3 2 0 0"
"10","1 2 4 8 16 15 19 21 22 3","0 0 3 8 11 4 1 3 1 0"
"10","1 2 4 8 16 31 7 11 21 3","0 0 3 9 6 6 7 0 0 0"
"10","1 2 4 8 16 31 7 11 13 3","0 0 3 10 7 4 5 1 1 0"
"10","1 2 4 8 16 15 19 5 24 13","0 0 4 5 9 10 2 0 1 0"
"10","1 2 4 8 16 7 11 19 5 24","0 0 4 6 8 8 4 1 0 0"
"10","1 2 4 8 16 15 19 5 24 3","0 0 4 6 8 8 4 1 0 0"
"10","1 2 4 8 16 15 19 21 9 6","0 0 4 6 8 8 4 1 0 0"
"10","1 2 4 8 16 15 19 21 25 17","0 0 4 6 8 8 4 1 0 0"
"10","1 2 4 8 16 15 19 21 7 17","0 0 4 7 8 7 4 0 0 1"
"10","1 2 4 8 16 31 7 11 5 9","0 0 4 7 8 7 4 0 0 1"
"10","1 2 4 8 16 15 19 21 3 5","0 0 4 7 9 6 2 2 1 0"
"10","1 2 4 8 16 15 19 21 3 18","0 0 4 8 8 4 4 3 0 0"
"10","1 2 4 8 16 15 19 21 7 3","0 0 4 8 8 4 4 3 0 0"
"10","1 2 4 8 16 31 7 11 5 10","0 0 4 8 8 4 4 3 0 0"
"10","1 2 4 8 16 31 7 11 13 15","0 0 4 10 4 4 8 1 0 0"
"10","1 2 4 8 16 7 11 19 5 6","0 0 4 10 8 0 4 5 0 0"
"10","1 2 4 8 16 7 11 13 14 3","0 0 4 14 8 0 4 1 0 0"
"10","1 2 4 8 16 15 19 5 10 17","0 0 5 5 6 10 5 0 0 0"
"10","1 2 4 8 16 15 19 5 10 3","0 0 5 6 7 8 3 1 1 0"
"10","1 2 4 8 16 15 19 7 17 18","0 0 5 6 7 8 3 1 1 0"
"10","1 2 4 8 16 15 19 21 3 17","0 0 5 6 7 8 3 1 1 0"
"10","1 2 4 8 16 31 7 11 5 3","0 0 5 7 6 6 5 2 0 0"
"10","1 2 4 8 16 31 7 11 5 15","0 0 5 7 6 6 5 2 0 0"
"10","1 2 4 8 16 31 7 11 12 3","0 0 5 8 7 4 3 3 1 0"
"10","1 2 4 8 16 15 19 7 17 3","0 0 6 6 4 8 6 1 0 0"
"10","1 2 4 8 16 31 7 11 3 15","0 0 6 7 4 7 6 0 0 1"
"10","1 2 4 8 16 15 19 5 3 7","0 0 6 7 5 6 4 2 1 0"
"10","1 2 4 8 16 7 11 19 5 3","0 0 6 8 4 4 6 3 0 0"
"10","1 2 4 8 16 7 11 5 9 15","0 0 6 9 9 6 0 0 1 0"
"10","1 2 4 8 16 7 11 13 3 5","0 0 6 10 8 4 2 1 0 0"
"10","1 2 4 8 16 15 19 17 18 3","0 0 7 8 3 4 5 3 1 0"
"10","1 2 4 8 16 7 11 5 9 3","0 0 7 9 6 6 3 0 0 0"
"10","1 2 4 8 16 7 24 3 5 6","0 0 8 7 0 7 8 0 0 1"
"10","1 2 4 8 16 7 11 5 6 3","0 0 8 10 4 4 4 1 0 0"
"10","6 7 8 9 10 11 12 13 14 15","0 0 8 18 16 8 8 5 0 0"
"10","5 6 7 9 10 11 12 13 14 15","0 0 9 16 15 12 7 3 1 0"
"10","3 5 6 7 9 10 11 12 13 14","0 0 10 15 12 15 10 0 0 1"
"10","3 5 6 9 10 11 12 13 14 15","0 0 10 16 12 12 10 3 0 0"
"11","1 2 4 8 16 31 7 11 21 25 13","0 0 0 25 0 27 0 10 0 1 0"
"11","1 2 4 8 16 31 7 11 21 13 14","0 0 0 26 0 24 0 13 0 0 0"
"11","1 2 4 8 16 15 19 21 25 30 3","0 0 2 14 22 8 6 9 2 0 0"
"11","1 2 4 8 16 31 7 11 21 13 17","0 0 2 16 16 12 10 3 4 0 0"
"11","1 2 4 8 16 31 7 11 13 14 17","0 0 2 18 14 8 14 5 2 0 0"
"11","1 2 4 8 16 15 19 21 25 7 9","0 0 3 13 19 11 9 6 1 1 0"
"11","1 2 4 8 16 31 7 11 21 25 3","0 0 3 15 13 15 13 0 3 1 0"
"11","1 2 4 8 16 31 7 11 21 13 20","0 0 3 16 12 12 16 3 0 0 1"
"11","1 2 4 8 16 31 7 11 21 13 3","0 0 3 16 13 12 13 3 3 0 0"
"11","1 2 4 8 16 15 19 21 25 3 29","0 0 4 10 20 16 4 5 4 0 0"
"11","1 2 4 8 16 15 19 21 9 31 3","0 0 4 11 18 15 8 4 2 1 0"
"11","1 2 4 8 16 15 19 21 25 3 5","0 0 4 12 18 12 8 7 2 0 0"
"11","1 2 4 8 16 15 19 21 25 7 3","0 0 4 12 18 12 8 7 2 0 0"
"11","1 2 4 8 16 31 7 11 13 18 20","0 0 4 13 16 11 12 6 0 1 0"
"11","1 2 4 8 16 15 19 21 25 3 18","0 0 4 14 16 8 12 9 0 0 0"
"11","1 2 4 8 16 31 7 11 21 13 5","0 0 4 16 10 12 16 3 2 0 0"
"11","1 2 4 8 16 31 7 11 13 14 3","0 0 4 18 12 8 12 5 4 0 0"
"11","1 2 4 8 16 15 19 21 9 31 6","0 0 5 9 17 19 7 2 3 1 0"
"11","1 2 4 8 16 15 19 21 9 3 28","0 0 5 10 16 16 10 5 0 0 1"
"11","1 2 4 8 16 15 19 21 25 3 12","0 0 5 10 16 16 10 5 0 0 1"
"11","1 2 4 8 16 15 19 21 25 30 17","0 0 5 10 16 16 10 5 0 0 1"
"11","1 2 4 8 16 15 19 21 9 23 3","0 0 5 10 17 16 7 5 3 0 0"
"11","1 2 4 8 16 15 19 21 25 7 17","0 0 5 11 15 15 11 4 1 1 0"
"11","1 2 4 8 16 31 7 11 13 18 3","0 0 5 11 15 15 11 4 1 1 0"
"11","1 2 4 8 16 31 7 11 21 6 10","0 0 5 11 15 15 11 4 1 1 0"
"11","1 2 4 8 16 31 7 11 13 18 5","0 0 5 12 15 12 11 7 1 0 0"
"11","1 2 4 8 16 31 7 11 21 6 3","0 0 5 12 15 12 11 7 1 0 0"
"11","1 2 4 8 16 15 19 21 22 7 3","0 0 5 15 15 7 11 8 1 1 0"
"11","1 2 4 8 16 31 7 11 13 14 15","0 0 5 18 8 8 18 5 0 0 1"
"11","1 2 4 8 16 15 19 5 24 13 3","0 0 6 9 14 19 10 2 2 1 0"
"11","1 2 4 8 16 7 11 19 5 24 6","0 0 6 10 14 16 10 5 2 0 0"
"11","1 2 4 8 16 7 11 19 5 24 9","0 0 6 10 14 16 10 5 2 0 0"
"11","1 2 4 8 16 15 19 21 9 3 6","0 0 6 10 14 16 10 5 2 0 0"
"11","1 2 4 8 16 15 19 21 9 3 11","0 0 6 10 14 16 10 5 2 0 0"
"11","1 2 4 8 16 15 19 21 9 23 6","0 0 6 10 14 16 10 5 2 0 0"
"11","1 2 4 8 16 15 19 21 25 3 17","0 0 6 10 14 16 10 5 2 0 0"
"11","1 2 4 8 16 31 7 11 21 3 5","0 0 6 11 12 15 14 4 0 1 0"
"11","1 2 4 8 16 31 7 11 13 18 15","0 0 6 12 12 12 14 7 0 0 0"
"11","1 2 4 8 16 31 7 11 21 3 20","0 0 6 12 12 12 14 7 0 0 0"
"11","1 2 4 8 16 15 19 21 3 5 23","0 0 6 12 16 12 6 7 4 0 0"
"11","1 2 4 8 16 15 19 21 22 3 5","0 0 6 12 16 12 6 7 4 0 0"
"11","1 2 4 8 16 31 7 11 13 3 5","0 0 6 13 14 11 10 6 2 1 0"
"11","1 2 4 8 16 31 7 11 13 3 12","0 0 6 14 14 8 10 9 2 0 0"
"11","1 2 4 8 16 15 19 21 9 6 17","0 0 7 9 11 19 13 2 1 1 0"
"11","1 2 4 8 16 15 19 5 24 3 7","0 0 7 10 11 16 13 5 1 0 0"
"11","1 2 4 8 16 15 19 21 7 17 3","0 0 7 11 13 15 9 4 3 1 0"
"11","1 2 4 8 16 31 7 11 5 9 3","0 0 7 11 13 15 9 4 3 1 0"
"11","1 2 4 8 16 31 7 11 5 9 15","0 0 7 11 13 15 9 4 3 1 0"
"11","1 2 4 8 16 15 19 21 3 18 7","0 0 7 12 12 12 12 7 0 0 1"
"11","1 2 4 8 16 31 7 11 5 10 3","0 0 7 12 12 12 12 7 0 0 1"
"11","1 2 4 8 16 15 19 21 3 5 6","0 0 7 12 13 12 9 7 3 0 0"
"11","1 2 4 8 16 15 19 21 3 5 7","0 0 7 12 13 12 9 7 3 0 0"
"11","1 2 4 8 16 31 7 11 13 3 15","0 0 7 13 11 11 13 6 1 1 0"
"11","1 2 4 8 16 7 11 19 5 24 3","0 0 8 10 8 16 16 5 0 0 0"
"11","1 2 4 8 16 15 19 5 10 3 7","0 0 8 11 10 15 12 4 2 1 0"
"11","1 2 4 8 16 15 19 21 3 18 17","0 0 8 12 10 12 12 7 2 0 0"
"11","1 2 4 8 16 31 7 11 5 10 15","0 0 8 12 10 12 12 7 2 0 0"
"11","1 2 4 8 16 7 11 13 14 3 5","0 0 8 18 16 8 8 5 0 0 0"
"11","1 2 4 8 16 15 19 7 17 18 3","0 0 9 11 7 15 15 4 1 1 0"
"11","1 2 4 8 16 31 7 11 12 3 15","0 0 9 13 9 11 11 6 3 1 0"
"11","1 2 4 8 16 7 11 19 5 6 3","0 0 9 14 8 8 14 9 0 0 1"
"11","1 2 4 8 16 7 11 5 9 15 3","0 0 9 16 15 12 7 3 1 0 0"
"11","1 2 4 8 16 7 11 5 9 3 12","0 0 10 15 12 15 10 0 0 1 0"
"11","1 2 4 8 16 7 11 13 3 5 6","0 0 10 16 12 12 10 3 0 0 0"
"11","5 6 7 8 9 10 11 12 13 14 15","0 0 12 26 28 24 20 13 4 0 0"
"11","3 5 6 7 9 10 11 12 13 14 15","0 0 13 25 25 27 23 10 3 1 0"
"11","3 5 6 8 9 10 11 12 13 14 15","0 0 13 26 24 24 26 13 0 0 1"
"12","1 2 4 8 16 31 7 11 21 25 13 14","0 0 0 38 0 52 0 33 0 4 0 0"
"12","1 2 4 8 16 31 7 11 21 13 14 26","0 0 0 39 0 48 0 39 0 0 0 1"
"12","1 2 4 8 16 31 7 11 21 25 13 3","0 0 3 25 23 27 25 10 13 1 0 0"
"12","1 2 4 8 16 31 7 11 21 13 14 17","0 0 3 26 22 24 28 13 10 0 1 0"
"12","1 2 4 8 16 15 19 21 25 30 3 5","0 0 4 20 32 22 20 19 8 2 0 0"
"12","1 2 4 8 16 31 7 11 13 14 17 18","0 0 4 22 28 20 28 17 4 4 0 0"
"12","1 2 4 8 16 15 19 21 25 30 3 18","0 0 4 23 28 16 28 23 4 0 0 1"
"12","1 2 4 8 16 31 7 11 21 25 13 5","0 0 4 25 19 27 31 10 9 1 1 0"
"12","1 2 4 8 16 31 7 11 21 13 14 3","0 0 4 26 20 24 28 13 12 0 0 0"
"12","1 2 4 8 16 15 19 21 25 30 3 7","0 0 5 18 32 24 18 21 8 0 1 0"
"12","1 2 4 8 16 31 7 11 21 13 17 3","0 0 5 19 29 25 23 16 7 3 0 0"
"12","1 2 4 8 16 31 7 11 21 13 17 20","0 0 5 20 28 22 26 19 4 2 1 0"
"12","1 2 4 8 16 31 7 11 21 13 14 5","0 0 5 26 16 24 34 13 8 0 1 0"
"12","1 2 4 8 16 15 19 21 25 3 29 5","0 0 6 16 30 30 18 15 10 2 0 0"
"12","1 2 4 8 16 15 19 21 25 7 9 23","0 0 6 16 30 30 18 15 10 2 0 0"
"12","1 2 4 8 16 15 19 21 25 7 9 3","0 0 6 17 29 27 21 18 7 1 1 0"
"12","1 2 4 8 16 31 7 11 21 13 3 18","0 0 6 18 26 28 26 13 6 4 0 0"
"12","1 2 4 8 16 31 7 11 21 13 17 10","0 0 6 18 26 28 26 13 6 4 0 0"
"12","1 2 4 8 16 31 7 11 21 25 3 5","0 0 6 18 26 28 26 13 6 4 0 0"
"12","1 2 4 8 16 31 7 11 21 25 3 17","0 0 6 18 26 28 26 13 6 4 0 0"
"12","1 2 4 8 16 15 19 21 25 3 5 23","0 0 6 18 30 24 18 21 10 0 0 0"
"12","1 2 4 8 16 31 7 11 21 13 20 3","0 0 6 19 25 25 29 16 3 3 1 0"
"12","1 2 4 8 16 31 7 11 21 13 3 23","0 0 6 19 26 24 26 19 6 0 0 1"
"12","1 2 4 8 16 31 7 11 21 13 17 5","0 0 6 19 26 24 26 19 6 0 0 1"
"12","1 2 4 8 16 31 7 11 13 14 17 3","0 0 6 20 26 22 26 19 6 2 0 0"
"12","1 2 4 8 16 31 7 11 21 13 3 6","0 0 6 20 26 22 26 19 6 2 0 0"
"12","1 2 4 8 16 15 19 21 9 31 3 6","0 0 7 15 27 33 21 12 9 3 0 0"
"12","1 2 4 8 16 15 19 21 9 31 3 17","0 0 7 15 27 33 21 12 9 3 0 0"
"12","1 2 4 8 16 15 19 21 9 31 3 10","0 0 7 16 26 30 24 15 6 2 1 0"
"12","1 2 4 8 16 15 19 21 25 3 5 10","0 0 7 16 26 30 24 15 6 2 1 0"
"12","1 2 4 8 16 15 19 21 25 3 29 12","0 0 7 16 26 30 24 15 6 2 1 0"
"12","1 2 4 8 16 15 19 21 25 7 9 6","0 0 7 16 26 30 24 15 6 2 1 0"
"12","1 2 4 8 16 15 19 21 25 30 3 17","0 0 7 16 26 30 24 15 6 2 1 0"
"12","1 2 4 8 16 31 7 11 13 18 20 3","0 0 7 16 26 30 24 15 6 2 1 0"
"12","1 2 4 8 16 15 19 21 25 3 5 7","0 0 7 17 27 27 21 18 9 1 0 0"
"12","1 2 4 8 16 31 7 11 13 18 20 9","0 0 7 17 27 27 21 18 9 1 0 0"
"12","1 2 4 8 16 31 7 11 21 13 20 5","0 0 7 18 22 28 32 13 2 4 1 0"
"12","1 2 4 8 16 15 19 21 25 3 5 6","0 0 7 18 26 24 24 21 6 0 1 0"
"12","1 2 4 8 16 15 19 21 25 7 3 18","0 0 7 18 26 24 24 21 6 0 1 0"
"12","1 2 4 8 16 31 7 11 21 13 3 5","0 0 7 19 23 25 29 16 5 3 0 0"
"12","1 2 4 8 16 31 7 11 13 14 17 15","0 0 7 20 22 22 32 19 2 2 1 0"
"12","1 2 4 8 16 15 19 5 24 13 3 23","0 0 8 14 24 36 24 9 8 4 0 0"
"12","1 2 4 8 16 15 19 21 9 31 6 17","0 0 8 14 24 36 24 9 8 4 0 0"
"12","1 2 4 8 16 15 19 21 9 3 28 6","0 0 8 15 23 33 27 12 5 3 1 0"
"12","1 2 4 8 16 7 11 19 5 24 6 27","0 0 8 15 24 32 24 15 8 0 0 1"
"12","1 2 4 8 16 7 11 19 5 24 9 20","0 0 8 15 24 32 24 15 8 0 0 1"
"12","1 2 4 8 16 15 19 21 9 23 3 11","0 0 8 15 24 32 24 15 8 0 0 1"
"12","1 2 4 8 16 15 19 21 25 3 29 17","0 0 8 15 24 32 24 15 8 0 0 1"
"12","1 2 4 8 16 15 19 21 9 23 3 6","0 0 8 16 24 30 24 15 8 2 0 0"
"12","1 2 4 8 16 15 19 21 9 23 3 17","0 0 8 16 24 30 24 15 8 2 0 0"
"12","1 2 4 8 16 15 19 21 25 3 5 17","0 0 8 16 24 30 24 15 8 2 0 0"
"12","1 2 4 8 16 15 19 21 25 7 3 17","0 0 8 16 24 30 24 15 8 2 0 0"
"12","1 2 4 8 16 31 7 11 13 18 3 12","0 0 8 16 24 30 24 15 8 2 0 0"
"12","1 2 4 8 16 31 7 11 21 6 10 15","0 0 8 16 24 30 24 15 8 2 0 0"
"12","1 2 4 8 16 31 7 11 13 18 20 6","0 0 8 17 23 27 27 18 5 1 1 0"
"12","1 2 4 8 16 31 7 11 21 6 10 5","0 0 8 17 23 27 27 18 5 1 1 0"
"12","1 2 4 8 16 31 7 11 13 18 5 10","0 0 8 18 24 24 24 21 8 0 0 0"
"12","1 2 4 8 16 31 7 11 21 13 5 10","0 0 8 20 20 22 32 19 4 2 0 0"
"12","1 2 4 8 16 31 7 11 13 14 3 5","0 0 8 22 24 20 24 17 8 4 0 0"
"12","1 2 4 8 16 31 7 11 13 14 3 12","0 0 8 23 24 16 24 23 8 0 0 1"
"12","1 2 4 8 16 15 19 21 25 3 12 17","0 0 9 14 20 36 30 9 4 4 1 0"
"12","1 2 4 8 16 15 19 5 24 13 3 7","0 0 9 15 21 33 27 12 7 3 0 0"
"12","1 2 4 8 16 15 19 5 24 13 3 11","0 0 9 15 21 33 27 12 7 3 0 0"
"12","1 2 4 8 16 7 11 19 5 24 9 12","0 0 9 16 20 30 30 15 4 2 1 0"
"12","1 2 4 8 16 31 7 11 13 18 3 15","0 0 9 16 20 30 30 15 4 2 1 0"
"12","1 2 4 8 16 31 7 11 13 18 5 15","0 0 9 17 21 27 27 18 7 1 0 0"
"12","1 2 4 8 16 31 7 11 21 6 3 5","0 0 9 17 21 27 27 18 7 1 0 0"
"12","1 2 4 8 16 15 19 21 25 3 18 17","0 0 9 18 20 24 30 21 4 0 1 0"
"12","1 2 4 8 16 15 19 21 3 5 23 17","0 0 9 19 25 25 19 16 11 3 0 0"
"12","1 2 4 8 16 15 19 21 3 5 23 6","0 0 9 20 24 22 22 19 8 2 1 0"
"12","1 2 4 8 16 15 19 21 22 7 3 5","0 0 9 20 24 22 22 19 8 2 1 0"
"12","1 2 4 8 16 31 7 11 13 14 3 15","0 0 9 22 20 20 30 17 4 4 1 0"
"12","1 2 4 8 16 7 11 19 5 24 9 3","0 0 10 16 18 30 30 15 6 2 0 0"
"12","1 2 4 8 16 15 19 21 9 23 6 17","0 0 10 16 18 30 30 15 6 2 0 0"
"12","1 2 4 8 16 31 7 11 21 3 20 23","0 0 10 18 18 24 30 21 6 0 0 0"
"12","1 2 4 8 16 15 19 21 7 17 3 5","0 0 10 18 22 28 22 13 10 4 0 0"
"12","1 2 4 8 16 31 7 11 5 9 3 12","0 0 10 18 22 28 22 13 10 4 0 0"
"12","1 2 4 8 16 31 7 11 13 3 5 6","0 0 10 19 21 25 25 16 7 3 1 0"
"12","1 2 4 8 16 31 7 11 13 3 5 15","0 0 10 19 21 25 25 16 7 3 1 0"
"12","1 2 4 8 16 15 19 21 3 5 23 7","0 0 10 19 22 24 22 19 10 0 0 1"
"12","1 2 4 8 16 15 19 21 22 3 5 6","0 0 10 19 22 24 22 19 10 0 0 1"
"12","1 2 4 8 16 7 11 19 5 24 6 3","0 0 11 16 14 30 36 15 2 2 1 0"
"12","1 2 4 8 16 15 19 21 7 17 3 18","0 0 11 18 18 28 28 13 6 4 1 0"
"12","1 2 4 8 16 31 7 11 5 10 3 15","0 0 11 18 18 28 28 13 6 4 1 0"
"12","1 2 4 8 16 15 19 21 3 5 6 7","0 0 11 19 19 25 25 16 9 3 0 0"
"12","1 2 4 8 16 31 7 11 13 3 12 15","0 0 11 20 18 22 28 19 6 2 1 0"
"12","1 2 4 8 16 7 11 13 14 3 5 9","0 0 12 26 28 24 20 13 4 0 0 0"
"12","1 2 4 8 16 7 11 5 9 15 3 6","0 0 13 25 25 27 23 10 3 1 0 0"
"12","1 2 4 8 16 7 11 13 14 3 5 6","0 0 13 26 24 24 26 13 0 0 1 0"
"12","4 5 6 7 8 9 10 11 12 13 14 15","0 0 16 39 48 48 48 39 16 0 0 1"
"12","3 5 6 7 8 9 10 11 12 13 14 15","0 0 17 38 44 52 54 33 12 4 1 0"
"13","1 2 4 8 16 31 7 11 21 25 13 14 19","0 0 0 55 0 96 0 87 0 16 0 1 0"
"13","1 2 4 8 16 31 7 11 21 25 13 14 17","0 0 4 38 32 52 56 33 32 4 4 0 0"
"13","1 2 4 8 16 31 7 11 21 25 13 14 3","0 0 4 38 33 52 52 33 38 4 0 0 1"
"13","1 2 4 8 16 31 7 11 21 13 14 26 3","0 0 4 39 32 48 56 39 32 0 4 1 0"
"13","1 2 4 8 16 31 7 11 21 25 13 14 5","0 0 5 38 28 52 62 33 28 4 5 0 0"
"13","1 2 4 8 16 15 19 21 25 30 3 5 23","0 0 6 28 51 42 42 51 28 6 0 0 1"
"13","1 2 4 8 16 31 7 11 21 25 13 3 17","0 0 6 29 46 46 50 41 26 10 0 1 0"
"13","1 2 4 8 16 31 7 11 21 13 14 17 18","0 0 6 30 44 44 56 41 20 12 2 0 0"
"13","1 2 4 8 16 31 7 11 21 13 14 17 20","0 0 6 31 44 40 56 47 20 8 2 1 0"
"13","1 2 4 8 16 31 7 11 21 13 14 26 5","0 0 6 39 24 48 68 39 24 0 6 1 0"
"13","1 2 4 8 16 15 19 21 25 30 3 5 10","0 0 7 26 48 48 46 45 24 8 3 0 0"
"13","1 2 4 8 16 31 7 11 21 25 13 3 18","0 0 7 28 42 50 56 35 22 14 1 0 0"
"13","1 2 4 8 16 15 19 21 25 30 3 5 6","0 0 7 28 46 42 52 51 18 6 5 0 0"
"13","1 2 4 8 16 31 7 11 21 13 14 17 3","0 0 7 29 42 46 56 41 22 10 1 1 0"
"13","1 2 4 8 16 31 7 11 21 25 13 3 5","0 0 7 29 42 46 56 41 22 10 1 1 0"
"13","1 2 4 8 16 15 19 21 25 3 29 5 27","0 0 8 23 48 56 40 39 32 8 0 1 0"
"13","1 2 4 8 16 31 7 11 21 13 17 3 24","0 0 8 24 46 54 46 39 26 10 2 0 0"
"13","1 2 4 8 16 15 19 21 25 30 3 5 7","0 0 8 25 46 50 46 45 26 6 2 1 0"
"13","1 2 4 8 16 31 7 11 21 13 17 3 23","0 0 8 25 46 50 46 45 26 6 2 1 0"
"13","1 2 4 8 16 31 7 11 13 14 17 18 5","0 0 8 26 44 48 52 45 20 8 4 0 0"
"13","1 2 4 8 16 31 7 11 21 13 17 3 9","0 0 8 26 44 48 52 45 20 8 4 0 0"
"13","1 2 4 8 16 31 7 11 13 14 17 18 12","0 0 8 26 45 48 48 45 26 8 0 0 1"
"13","1 2 4 8 16 31 7 11 21 13 17 3 6","0 0 8 26 45 48 48 45 26 8 0 0 1"
"13","1 2 4 8 16 15 19 21 25 30 3 18 7","0 0 8 27 44 44 52 51 20 4 4 1 0"
"13","1 2 4 8 16 31 7 11 21 25 13 5 6","0 0 8 28 38 50 62 35 18 14 2 0 0"
"13","1 2 4 8 16 31 7 11 21 13 14 17 5","0 0 8 29 38 46 62 41 18 10 2 1 0"
"13","1 2 4 8 16 31 7 11 21 25 13 5 9","0 0 8 29 38 46 62 41 18 10 2 1 0"
"13","1 2 4 8 16 31 7 11 21 13 14 3 6","0 0 8 31 40 40 56 47 24 8 0 1 0"
"13","1 2 4 8 16 15 19 21 25 3 29 5 10","0 0 9 22 44 60 46 33 28 12 1 0 0"
"13","1 2 4 8 16 15 19 21 25 3 29 5 7","0 0 9 23 44 56 46 39 28 8 1 1 0"
"13","1 2 4 8 16 15 19 21 25 3 29 5 6","0 0 9 24 42 54 52 39 22 10 3 0 0"
"13","1 2 4 8 16 15 19 21 25 3 29 5 12","0 0 9 24 42 54 52 39 22 10 3 0 0"
"13","1 2 4 8 16 15 19 21 25 7 9 3 20","0 0 9 24 42 54 52 39 22 10 3 0 0"
"13","1 2 4 8 16 15 19 21 25 30 3 5 17","0 0 9 24 42 54 52 39 22 10 3 0 0"
"13","1 2 4 8 16 31 7 11 21 13 3 18 20","0 0 9 24 42 54 52 39 22 10 3 0 0"
"13","1 2 4 8 16 31 7 11 21 13 17 3 10","0 0 9 24 42 54 52 39 22 10 3 0 0"
"13","1 2 4 8 16 31 7 11 21 13 17 3 18","0 0 9 24 42 54 52 39 22 10 3 0 0"
"13","1 2 4 8 16 31 7 11 21 13 17 20 10","0 0 9 24 42 54 52 39 22 10 3 0 0"
"13","1 2 4 8 16 31 7 11 21 25 3 17 23","0 0 9 24 42 54 52 39 22 10 3 0 0"
"13","1 2 4 8 16 15 19 21 25 7 9 3 5","0 0 9 25 42 50 52 45 22 6 3 1 0"
"13","1 2 4 8 16 31 7 11 21 13 17 3 5","0 0 9 25 42 50 52 45 22 6 3 1 0"
"13","1 2 4 8 16 31 7 11 13 14 17 18 3","0 0 9 26 40 48 58 45 16 8 5 0 0"
"13","1 2 4 8 16 31 7 11 21 13 20 3 6","0 0 9 26 40 48 58 45 16 8 5 0 0"
"13","1 2 4 8 16 15 19 21 25 3 5 23 6","0 0 9 28 42 42 52 51 22 6 3 0 0"
"13","1 2 4 8 16 31 7 11 21 13 14 3 5","0 0 9 30 36 44 62 41 20 12 1 0 0"
"13","1 2 4 8 16 15 19 21 9 31 3 6 11","0 0 10 22 40 60 52 33 24 12 2 0 0"
"13","1 2 4 8 16 15 19 21 9 31 3 6 23","0 0 10 22 40 60 52 33 24 12 2 0 0"
"13","1 2 4 8 16 15 19 21 9 31 3 6 10","0 0 10 23 40 56 52 39 24 8 2 1 0"
"13","1 2 4 8 16 15 19 21 25 3 5 10 12","0 0 10 23 40 56 52 39 24 8 2 1 0"
"13","1 2 4 8 16 15 19 21 25 3 29 5 17","0 0 10 23 40 56 52 39 24 8 2 1 0"
"13","1 2 4 8 16 15 19 21 25 3 29 12 18","0 0 10 23 40 56 52 39 24 8 2 1 0"
"13","1 2 4 8 16 15 19 21 25 7 9 3 6","0 0 10 23 40 56 52 39 24 8 2 1 0"
"13","1 2 4 8 16 15 19 21 25 7 9 23 6","0 0 10 23 40 56 52 39 24 8 2 1 0"
"13","1 2 4 8 16 15 19 21 25 30 3 7 17","0 0 10 23 40 56 52 39 24 8 2 1 0"
"13","1 2 4 8 16 31 7 11 13 18 20 3 5","0 0 10 23 40 56 52 39 24 8 2 1 0"
"13","1 2 4 8 16 31 7 11 21 13 3 18 10","0 0 10 24 38 54 58 39 18 10 4 0 0"
"13","1 2 4 8 16 31 7 11 21 13 20 3 5","0 0 10 24 38 54 58 39 18 10 4 0 0"
"13","1 2 4 8 16 31 7 11 21 13 3 18 5","0 0 10 24 39 54 54 39 24 10 0 0 1"
"13","1 2 4 8 16 31 7 11 21 13 17 10 15","0 0 10 24 39 54 54 39 24 10 0 0 1"
"13","1 2 4 8 16 31 7 11 21 25 3 5 6","0 0 10 24 39 54 54 39 24 10 0 0 1"
"13","1 2 4 8 16 31 7 11 21 25 3 17 18","0 0 10 24 39 54 54 39 24 10 0 0 1"
"13","1 2 4 8 16 31 7 11 21 13 3 23 5","0 0 10 25 38 50 58 45 18 6 4 1 0"
"13","1 2 4 8 16 31 7 11 21 13 17 10 5","0 0 10 25 38 50 58 45 18 6 4 1 0"
"13","1 2 4 8 16 31 7 11 21 13 17 20 5","0 0 10 25 38 50 58 45 18 6 4 1 0"
"13","1 2 4 8 16 31 7 11 21 13 20 3 23","0 0 10 25 38 50 58 45 18 6 4 1 0"
"13","1 2 4 8 16 15 19 21 25 3 5 23 7","0 0 10 25 42 50 46 45 30 6 0 1 0"
"13","1 2 4 8 16 31 7 11 13 14 17 3 5","0 0 10 26 40 48 52 45 24 8 2 0 0"
"13","1 2 4 8 16 31 7 11 21 13 3 6 10","0 0 10 26 40 48 52 45 24 8 2 0 0"
"13","1 2 4 8 16 15 19 21 25 30 3 18 17","0 0 10 27 36 44 64 51 12 4 6 1 0"
"13","1 2 4 8 16 31 7 11 13 14 17 3 12","0 0 10 27 40 44 52 51 24 4 2 1 0"
"13","1 2 4 8 16 31 7 11 21 13 14 5 10","0 0 10 31 32 40 68 47 16 8 2 1 0"
"13","1 2 4 8 16 15 19 5 24 13 3 23 11","0 0 11 22 36 60 58 33 20 12 3 0 0"
"13","1 2 4 8 16 15 19 21 25 3 5 10 17","0 0 11 22 36 60 58 33 20 12 3 0 0"
"13","1 2 4 8 16 15 19 21 25 7 9 6 17","0 0 11 22 36 60 58 33 20 12 3 0 0"
"13","1 2 4 8 16 15 19 21 9 31 3 10 11","0 0 11 23 36 56 58 39 20 8 3 1 0"
"13","1 2 4 8 16 31 7 11 13 18 20 3 6","0 0 11 23 36 56 58 39 20 8 3 1 0"
"13","1 2 4 8 16 31 7 11 21 13 20 5 10","0 0 11 24 34 54 64 39 14 10 5 0 0"
"13","1 2 4 8 16 15 19 21 9 23 3 6 20","0 0 11 24 38 54 52 39 26 10 1 0 0"
"13","1 2 4 8 16 15 19 21 25 3 5 6 17","0 0 11 24 38 54 52 39 26 10 1 0 0"
"13","1 2 4 8 16 15 19 21 25 3 5 7 17","0 0 11 24 38 54 52 39 26 10 1 0 0"
"13","1 2 4 8 16 15 19 21 25 3 5 7 6","0 0 11 25 38 50 52 45 26 6 1 1 0"
"13","1 2 4 8 16 31 7 11 13 18 20 9 6","0 0 11 25 38 50 52 45 26 6 1 1 0"
"13","1 2 4 8 16 31 7 11 13 14 17 3 15","0 0 11 26 36 48 58 45 20 8 3 0 0"
"13","1 2 4 8 16 31 7 11 21 13 3 5 10","0 0 11 26 36 48 58 45 20 8 3 0 0"
"13","1 2 4 8 16 31 7 11 21 13 3 6 5","0 0 11 26 36 48 58 45 20 8 3 0 0"
"13","1 2 4 8 16 15 19 5 24 13 3 23 7","0 0 12 22 33 60 60 33 22 12 0 0 1"
"13","1 2 4 8 16 15 19 21 9 31 6 17 23","0 0 12 22 33 60 60 33 22 12 0 0 1"
"13","1 2 4 8 16 7 11 19 5 24 9 20 3","0 0 12 23 32 56 64 39 16 8 4 1 0"
"13","1 2 4 8 16 15 19 21 25 3 29 12 17","0 0 12 23 32 56 64 39 16 8 4 1 0"
"13","1 2 4 8 16 15 19 21 9 23 3 6 7","0 0 12 24 34 54 58 39 22 10 2 0 0"
"13","1 2 4 8 16 15 19 21 9 23 3 6 17","0 0 12 24 34 54 58 39 22 10 2 0 0"
"13","1 2 4 8 16 31 7 11 13 18 20 6 15","0 0 12 24 34 54 58 39 22 10 2 0 0"
"13","1 2 4 8 16 15 19 21 25 7 3 18 17","0 0 12 25 34 50 58 45 22 6 2 1 0"
"13","1 2 4 8 16 31 7 11 21 6 10 15 5","0 0 12 25 34 50 58 45 22 6 2 1 0"
"13","1 2 4 8 16 31 7 11 13 14 3 5 9","0 0 12 30 41 44 44 41 30 12 0 0 1"
"13","1 2 4 8 16 31 7 11 13 14 3 5 10","0 0 12 31 40 40 48 47 24 8 4 1 0"
"13","1 2 4 8 16 7 11 19 5 24 9 12 3","0 0 13 24 30 54 64 39 18 10 3 0 0"
"13","1 2 4 8 16 31 7 11 13 18 3 12 15","0 0 13 24 30 54 64 39 18 10 3 0 0"
"13","1 2 4 8 16 31 7 11 13 18 5 10 15","0 0 13 26 32 48 58 45 24 8 1 0 0"
"13","1 2 4 8 16 31 7 11 21 13 5 10 15","0 0 13 28 30 42 64 51 18 6 3 0 0"
"13","1 2 4 8 16 15 19 21 3 5 23 17 6","0 0 13 29 38 46 48 41 26 10 3 1 0"
"13","1 2 4 8 16 15 19 21 3 5 23 17 7","0 0 13 29 38 46 48 41 26 10 3 1 0"
"13","1 2 4 8 16 31 7 11 13 14 3 5 6","0 0 13 30 36 44 54 41 20 12 5 0 0"
"13","1 2 4 8 16 31 7 11 13 14 3 5 15","0 0 13 30 36 44 54 41 20 12 5 0 0"
"13","1 2 4 8 16 7 11 19 5 24 6 27 3","0 0 14 23 24 56 76 39 8 8 6 1 0"
"13","1 2 4 8 16 15 19 21 7 17 3 5 18","0 0 14 28 34 50 54 35 22 14 4 0 0"
"13","1 2 4 8 16 15 19 21 7 17 3 5 6","0 0 14 28 35 50 50 35 28 14 0 0 1"
"13","1 2 4 8 16 15 19 21 3 5 23 6 7","0 0 14 29 34 46 54 41 22 10 4 1 0"
"13","1 2 4 8 16 15 19 21 22 7 3 5 6","0 0 14 29 34 46 54 41 22 10 4 1 0"
"13","1 2 4 8 16 31 7 11 13 14 3 12 15","0 0 14 31 32 40 60 47 16 8 6 1 0"
"13","1 2 4 8 16 7 11 13 14 3 5 9 15","0 0 16 39 48 48 48 39 16 0 0 1 0"
"13","1 2 4 8 16 7 11 13 14 3 5 9 6","0 0 17 38 44 52 54 33 12 4 1 0 0"
"13","3 4 5 6 7 8 9 10 11 12 13 14 15","0 0 22 55 72 96 116 87 40 16 6 1 0"
"14","1 2 4 8 16 31 7 11 21 25 13 14 19 22","0 0 0 77 0 168 0 203 0 56 0 7 0 0"
"14","1 2 4 8 16 31 7 11 21 25 13 14 19 3","0 0 5 55 45 96 106 87 82 16 17 1 1 0"
"14","1 2 4 8 16 31 7 11 21 25 13 14 19 6","0 0 6 55 40 96 116 87 72 16 22 1 0 0"
"14","1 2 4 8 16 31 7 11 21 25 13 14 17 18","0 0 8 42 64 85 112 85 64 42 8 0 0 1"
"14","1 2 4 8 16 31 7 11 21 25 13 14 17 3","0 0 8 42 65 84 108 89 70 36 4 4 1 0"
"14","1 2 4 8 16 31 7 11 21 13 14 26 3 17","0 0 8 43 64 80 112 95 64 32 8 5 0 0"
"14","1 2 4 8 16 31 7 11 21 25 13 14 17 20","0 0 8 43 64 80 112 95 64 32 8 5 0 0"
"14","1 2 4 8 16 31 7 11 21 13 14 26 3 6","0 0 8 45 64 72 112 107 64 24 8 7 0 0"
"14","1 2 4 8 16 15 19 21 25 30 3 5 23 9","0 0 9 37 73 84 94 103 70 28 9 3 1 0"
"14","1 2 4 8 16 31 7 11 21 13 14 17 18 20","0 0 9 39 69 80 106 103 58 32 13 1 1 0"
"14","1 2 4 8 16 15 19 21 25 30 3 5 23 6","0 0 9 41 69 72 106 115 58 24 13 3 1 0"
"14","1 2 4 8 16 31 7 11 21 25 13 14 17 5","0 0 9 42 60 84 118 89 60 36 9 4 0 0"
"14","1 2 4 8 16 31 7 11 21 25 13 14 3 5","0 0 9 43 61 80 114 95 66 32 5 5 1 0"
"14","1 2 4 8 16 15 19 21 25 30 3 5 10 29","0 0 10 34 72 93 92 93 72 34 10 0 0 1"
"14","1 2 4 8 16 15 19 21 25 30 3 5 10 12","0 0 10 35 72 88 92 103 72 24 10 5 0 0"
"14","1 2 4 8 16 31 7 11 21 13 14 17 18 6","0 0 10 36 69 88 100 97 66 32 10 2 1 0"
"14","1 2 4 8 16 31 7 11 21 25 13 3 17 6","0 0 10 36 69 88 100 97 66 32 10 2 1 0"
"14","1 2 4 8 16 31 7 11 21 13 14 17 20 3","0 0 10 37 68 84 104 103 60 28 14 3 0 0"
"14","1 2 4 8 16 31 7 11 21 25 13 3 17 5","0 0 10 37 68 84 104 103 60 28 14 3 0 0"
"14","1 2 4 8 16 31 7 11 21 25 13 14 5 6","0 0 10 42 56 85 124 85 56 42 10 0 0 1"
"14","1 2 4 8 16 31 7 11 21 13 14 26 3 5","0 0 10 43 56 80 124 95 56 32 10 5 0 0"
"14","1 2 4 8 16 31 7 11 21 25 13 14 5 9","0 0 10 43 56 80 124 95 56 32 10 5 0 0"
"14","1 2 4 8 16 15 19 21 25 3 29 5 27 7","0 0 11 33 69 96 94 91 74 32 7 3 1 0"
"14","1 2 4 8 16 15 19 21 25 30 3 5 10 7","0 0 11 34 68 92 98 97 68 28 11 4 0 0"
"14","1 2 4 8 16 31 7 11 21 13 17 3 24 12","0 0 11 34 68 92 98 97 68 28 11 4 0 0"
"14","1 2 4 8 16 31 7 11 21 25 13 3 17 18","0 0 11 35 65 92 106 91 62 36 11 1 1 0"
"14","1 2 4 8 16 31 7 11 21 25 13 3 18 5","0 0 11 35 65 92 106 91 62 36 11 1 1 0"
"14","1 2 4 8 16 31 7 11 21 25 13 3 18 20","0 0 11 35 65 92 106 91 62 36 11 1 1 0"
"14","1 2 4 8 16 15 19 21 25 30 3 5 23 7","0 0 11 35 69 88 94 103 74 24 7 5 1 0"
"14","1 2 4 8 16 31 7 11 21 13 14 17 18 3","0 0 11 36 64 88 110 97 56 32 15 2 0 0"
"14","1 2 4 8 16 31 7 11 21 13 14 17 18 5","0 0 11 36 64 88 110 97 56 32 15 2 0 0"
"14","1 2 4 8 16 31 7 11 21 25 13 3 18 6","0 0 11 36 64 88 110 97 56 32 15 2 0 0"
"14","1 2 4 8 16 31 7 11 21 13 14 17 3 6","0 0 11 37 65 84 106 103 62 28 11 3 1 0"
"14","1 2 4 8 16 31 7 11 21 13 14 17 20 10","0 0 11 37 65 84 106 103 62 28 11 3 1 0"
"14","1 2 4 8 16 31 7 11 21 25 13 3 5 9","0 0 11 37 65 84 106 103 62 28 11 3 1 0"
"14","1 2 4 8 16 31 7 11 21 13 17 3 24 15","0 0 12 32 65 100 100 85 70 36 8 2 1 0"
"14","1 2 4 8 16 15 19 21 25 3 29 5 10 12","0 0 12 33 64 96 104 91 64 32 12 3 0 0"
"14","1 2 4 8 16 15 19 21 25 3 29 5 12 18","0 0 12 33 64 96 104 91 64 32 12 3 0 0"
"14","1 2 4 8 16 15 19 21 25 3 29 5 27 6","0 0 12 33 64 96 104 91 64 32 12 3 0 0"
"14","1 2 4 8 16 15 19 21 25 30 3 5 10 17","0 0 12 33 64 96 104 91 64 32 12 3 0 0"
"14","1 2 4 8 16 31 7 11 21 13 17 3 23 10","0 0 12 33 64 96 104 91 64 32 12 3 0 0"
"14","1 2 4 8 16 31 7 11 21 13 17 3 24 5","0 0 12 33 64 96 104 91 64 32 12 3 0 0"
"14","1 2 4 8 16 31 7 11 21 13 17 3 24 9","0 0 12 33 64 96 104 91 64 32 12 3 0 0"
"14","1 2 4 8 16 31 7 11 21 13 17 3 24 10","0 0 12 33 64 96 104 91 64 32 12 3 0 0"
"14","1 2 4 8 16 31 7 11 21 25 3 17 23 27","0 0 12 33 64 96 104 91 64 32 12 3 0 0"
"14","1 2 4 8 16 15 19 21 25 3 29 5 6 18","0 0 12 34 64 93 104 93 64 34 12 0 0 1"
"14","1 2 4 8 16 15 19 21 25 30 3 5 6 17","0 0 12 34 64 93 104 93 64 34 12 0 0 1"
"14","1 2 4 8 16 31 7 11 13 14 17 18 5 9","0 0 12 34 64 93 104 93 64 34 12 0 0 1"
"14","1 2 4 8 16 31 7 11 21 13 17 3 9 15","0 0 12 34 64 93 104 93 64 34 12 0 0 1"
"14","1 2 4 8 16 31 7 11 13 14 17 18 5 12","0 0 12 34 65 92 100 97 70 28 8 4 1 0"
"14","1 2 4 8 16 31 7 11 21 13 17 3 23 6","0 0 12 34 65 92 100 97 70 28 8 4 1 0"
"14","1 2 4 8 16 31 7 11 21 25 13 5 6 18","0 0 12 35 60 92 116 91 52 36 16 1 0 0"
"14","1 2 4 8 16 15 19 21 25 30 3 5 6 7","0 0 12 35 64 88 104 103 64 24 12 5 0 0"
"14","1 2 4 8 16 15 19 21 25 30 3 5 7 22","0 0 12 35 64 88 104 103 64 24 12 5 0 0"
"14","1 2 4 8 16 31 7 11 13 14 17 18 5 6","0 0 12 35 64 88 104 103 64 24 12 5 0 0"
"14","1 2 4 8 16 31 7 11 21 13 17 3 23 5","0 0 12 35 64 88 104 103 64 24 12 5 0 0"
"14","1 2 4 8 16 31 7 11 21 13 17 3 23 20","0 0 12 35 64 88 104 103 64 24 12 5 0 0"
"14","1 2 4 8 16 31 7 11 21 13 14 17 3 5","0 0 12 36 61 88 112 97 58 32 12 2 1 0"
"14","1 2 4 8 16 31 7 11 21 25 13 3 5 6","0 0 12 36 61 88 112 97 58 32 12 2 1 0"
"14","1 2 4 8 16 31 7 11 21 25 13 5 6 9","0 0 12 36 61 88 112 97 58 32 12 2 1 0"
"14","1 2 4 8 16 31 7 11 21 13 14 17 20 5","0 0 12 37 60 84 116 103 52 28 16 3 0 0"
"14","1 2 4 8 16 31 7 11 21 25 13 5 9 15","0 0 12 37 60 84 116 103 52 28 16 3 0 0"
"14","1 2 4 8 16 15 19 21 25 30 3 18 7 22","0 0 12 37 64 80 104 115 64 16 12 7 0 0"
"14","1 2 4 8 16 31 7 11 21 13 14 3 6 9","0 0 12 41 64 72 104 115 64 24 12 3 0 0"
"14","1 2 4 8 16 31 7 11 21 13 14 26 5 10","0 0 12 45 48 72 136 107 48 24 12 7 0 0"
"14","1 2 4 8 16 15 19 21 25 3 29 5 10 17","0 0 13 31 61 104 106 79 66 40 9 1 1 0"
"14","1 2 4 8 16 31 7 11 21 13 3 18 20 10","0 0 13 32 60 100 110 85 60 36 13 2 0 0"
"14","1 2 4 8 16 31 7 11 21 13 17 3 10 18","0 0 13 32 60 100 110 85 60 36 13 2 0 0"
"14","1 2 4 8 16 15 19 21 25 3 29 5 6 17","0 0 13 33 61 96 106 91 66 32 9 3 1 0"
"14","1 2 4 8 16 15 19 21 25 3 29 5 7 6","0 0 13 33 61 96 106 91 66 32 9 3 1 0"
"14","1 2 4 8 16 15 19 21 25 3 29 5 7 17","0 0 13 33 61 96 106 91 66 32 9 3 1 0"
"14","1 2 4 8 16 15 19 21 25 7 9 3 20 6","0 0 13 33 61 96 106 91 66 32 9 3 1 0"
"14","1 2 4 8 16 15 19 21 25 30 3 5 7 17","0 0 13 33 61 96 106 91 66 32 9 3 1 0"
"14","1 2 4 8 16 31 7 11 21 13 3 18 20 5","0 0 13 33 61 96 106 91 66 32 9 3 1 0"
"14","1 2 4 8 16 31 7 11 21 13 17 3 10 15","0 0 13 33 61 96 106 91 66 32 9 3 1 0"
"14","1 2 4 8 16 31 7 11 21 13 17 3 18 5","0 0 13 33 61 96 106 91 66 32 9 3 1 0"
"14","1 2 4 8 16 31 7 11 21 13 17 20 10 15","0 0 13 33 61 96 106 91 66 32 9 3 1 0"
"14","1 2 4 8 16 31 7 11 13 14 17 18 5 3","0 0 13 34 60 92 110 97 60 28 13 4 0 0"
"14","1 2 4 8 16 31 7 11 21 13 3 18 20 6","0 0 13 34 60 92 110 97 60 28 13 4 0 0"
"14","1 2 4 8 16 31 7 11 21 13 17 3 9 10","0 0 13 34 60 92 110 97 60 28 13 4 0 0"
"14","1 2 4 8 16 31 7 11 21 13 17 3 10 5","0 0 13 34 60 92 110 97 60 28 13 4 0 0"
"14","1 2 4 8 16 31 7 11 13 14 17 18 12 3","0 0 13 35 61 88 106 103 66 24 9 5 1 0"
"14","1 2 4 8 16 31 7 11 21 13 17 3 6 5","0 0 13 35 61 88 106 103 66 24 9 5 1 0"
"14","1 2 4 8 16 31 7 11 21 13 14 17 5 10","0 0 13 37 57 84 118 103 54 28 13 3 1 0"
"14","1 2 4 8 16 31 7 11 21 25 13 5 9 12","0 0 13 37 57 84 118 103 54 28 13 3 1 0"
"14","1 2 4 8 16 31 7 11 21 13 14 3 6 10","0 0 13 39 61 80 106 103 66 32 9 1 1 0"
"14","1 2 4 8 16 15 19 21 25 3 5 10 12 17","0 0 14 31 56 104 116 79 56 40 14 1 0 0"
"14","1 2 4 8 16 15 19 21 9 31 3 6 11 10","0 0 14 32 57 100 112 85 62 36 10 2 1 0"
"14","1 2 4 8 16 15 19 21 9 31 3 6 23 7","0 0 14 32 57 100 112 85 62 36 10 2 1 0"
"14","1 2 4 8 16 15 19 21 25 3 29 5 12 17","0 0 14 33 56 96 116 91 56 32 14 3 0 0"
"14","1 2 4 8 16 31 7 11 13 18 20 3 5 15","0 0 14 33 56 96 116 91 56 32 14 3 0 0"
"14","1 2 4 8 16 31 7 11 21 13 17 20 10 5","0 0 14 33 56 96 116 91 56 32 14 3 0 0"
"14","1 2 4 8 16 31 7 11 21 13 20 3 5 23","0 0 14 33 56 96 116 91 56 32 14 3 0 0"
"14","1 2 4 8 16 31 7 11 13 14 17 18 3 15","0 0 14 34 56 93 116 93 56 34 14 0 0 1"
"14","1 2 4 8 16 31 7 11 21 13 3 18 10 15","0 0 14 34 56 93 116 93 56 34 14 0 0 1"
"14","1 2 4 8 16 31 7 11 21 13 20 3 6 5","0 0 14 34 56 93 116 93 56 34 14 0 0 1"
"14","1 2 4 8 16 15 19 21 9 31 3 6 10 5","0 0 14 34 57 92 112 97 62 28 10 4 1 0"
"14","1 2 4 8 16 15 19 21 25 7 9 3 5 6","0 0 14 34 57 92 112 97 62 28 10 4 1 0"
"14","1 2 4 8 16 15 19 21 25 3 5 10 12 6","0 0 14 35 56 88 116 103 56 24 14 5 0 0"
"14","1 2 4 8 16 15 19 21 25 30 3 18 7 17","0 0 14 35 56 88 116 103 56 24 14 5 0 0"
"14","1 2 4 8 16 15 19 21 25 3 5 23 7 17","0 0 14 36 61 88 100 97 74 32 6 2 1 0"
"14","1 2 4 8 16 15 19 21 25 3 5 23 6 7","0 0 14 37 60 84 104 103 68 28 10 3 0 0"
"14","1 2 4 8 16 31 7 11 13 14 17 3 5 10","0 0 14 37 60 84 104 103 68 28 10 3 0 0"
"14","1 2 4 8 16 31 7 11 21 13 14 3 5 10","0 0 14 39 56 80 116 103 56 32 14 1 0 0"
"14","1 2 4 8 16 31 7 11 21 13 14 3 6 5","0 0 14 39 56 80 116 103 56 32 14 1 0 0"
"14","1 2 4 8 16 15 19 5 24 13 3 23 11 7","0 0 15 33 53 96 118 91 58 32 11 3 1 0"
"14","1 2 4 8 16 15 19 21 25 7 9 23 6 17","0 0 15 33 53 96 118 91 58 32 11 3 1 0"
"14","1 2 4 8 16 31 7 11 13 18 20 3 5 6","0 0 15 33 53 96 118 91 58 32 11 3 1 0"
"14","1 2 4 8 16 31 7 11 21 13 17 10 15 5","0 0 15 35 53 88 118 103 58 24 11 5 1 0"
"14","1 2 4 8 16 15 19 21 9 23 3 6 20 17","0 0 15 35 57 92 106 91 70 36 7 1 1 0"
"14","1 2 4 8 16 31 7 11 13 14 17 3 5 6","0 0 15 36 56 88 110 97 64 32 11 2 0 0"
"14","1 2 4 8 16 31 7 11 13 14 17 3 5 15","0 0 15 36 56 88 110 97 64 32 11 2 0 0"
"14","1 2 4 8 16 31 7 11 21 13 3 6 10 5","0 0 15 36 56 88 110 97 64 32 11 2 0 0"
"14","1 2 4 8 16 7 11 19 5 24 9 20 3 12","0 0 16 33 48 96 128 91 48 32 16 3 0 0"
"14","1 2 4 8 16 15 19 21 25 3 29 12 18 17","0 0 16 33 48 96 128 91 48 32 16 3 0 0"
"14","1 2 4 8 16 31 7 11 21 13 20 5 10 15","0 0 16 34 48 93 128 93 48 34 16 0 0 1"
"14","1 2 4 8 16 15 19 21 9 23 3 6 20 7","0 0 16 35 52 92 116 91 60 36 12 1 0 0"
"14","1 2 4 8 16 31 7 11 13 18 20 9 6 15","0 0 16 36 53 88 112 97 66 32 8 2 1 0"
"14","1 2 4 8 16 31 7 11 13 14 17 3 12 15","0 0 16 37 52 84 116 103 60 28 12 3 0 0"
"14","1 2 4 8 16 31 7 11 21 13 3 5 10 15","0 0 16 37 52 84 116 103 60 28 12 3 0 0"
"14","1 2 4 8 16 31 7 11 21 13 14 5 10 15","0 0 16 41 48 72 128 115 48 24 16 3 0 0"
"14","1 2 4 8 16 31 7 11 13 14 3 5 10 12","0 0 16 45 64 72 96 107 64 24 16 7 0 0"
"14","1 2 4 8 16 31 7 11 13 14 3 5 9 6","0 0 17 43 61 80 98 95 66 32 13 5 1 0"
"14","1 2 4 8 16 31 7 11 13 14 3 5 9 15","0 0 17 43 61 80 98 95 66 32 13 5 1 0"
"14","1 2 4 8 16 31 7 11 13 14 3 5 6 15","0 0 18 42 56 85 108 85 56 42 18 0 0 1"
"14","1 2 4 8 16 15 19 21 3 5 23 17 6 7","0 0 18 42 57 84 104 89 62 36 14 4 1 0"
"14","1 2 4 8 16 31 7 11 13 14 3 5 10 15","0 0 18 43 56 80 108 95 56 32 18 5 0 0"
"14","1 2 4 8 16 7 11 13 14 3 5 9 15 6","0 0 22 55 72 96 116 87 40 16 6 1 0 0"
"14","2 3 4 5 6 7 8 9 10 11 12 13 14 15","0 0 28 77 112 168 232 203 112 56 28 7 0 0"
"15","1 2 4 8 16 31 7 11 21 25 13 14 19 22 26","0 0 0 105 0 280 0 435 0 168 0 35 0 0 0"
"15","1 2 4 8 16 31 7 11 21 25 13 14 19 22 3","0 0 6 77 62 168 188 203 188 56 62 7 6 0 0"
"15","1 2 4 8 16 31 7 11 21 25 13 14 19 22 6","0 0 7 77 56 168 203 203 168 56 77 7 0 0 1"
"15","1 2 4 8 16 31 7 11 21 25 13 14 19 3 17","0 0 10 60 90 141 212 193 164 98 34 18 2 1 0"
"15","1 2 4 8 16 31 7 11 21 25 13 14 19 3 5","0 0 10 61 90 136 212 203 164 88 34 23 2 0 0"
"15","1 2 4 8 16 31 7 11 21 25 13 14 19 3 6","0 0 11 60 85 141 222 193 154 98 39 18 1 1 0"
"15","1 2 4 8 16 15 19 21 25 30 3 5 23 9 27","0 0 12 49 108 144 176 219 176 80 36 19 4 0 0"
"15","1 2 4 8 16 31 7 11 21 13 14 26 3 17 23","0 0 12 51 102 144 192 207 164 96 36 13 6 0 0"
"15","1 2 4 8 16 31 7 11 21 25 13 14 17 3 20","0 0 12 51 102 144 192 207 164 96 36 13 6 0 0"
"15","1 2 4 8 16 31 7 11 21 25 13 14 17 18 20","0 0 12 52 100 141 200 209 152 98 44 10 4 1 0"
"15","1 2 4 8 16 31 7 11 21 13 14 26 3 17 6","0 0 12 53 100 136 200 219 152 88 44 15 4 0 0"
"15","1 2 4 8 16 31 7 11 21 25 13 14 17 20 24","0 0 12 53 100 136 200 219 152 88 44 15 4 0 0"
"15","1 2 4 8 16 31 7 11 21 13 14 26 3 6 9","0 0 12 57 100 120 200 243 152 72 44 19 4 0 0"
"15","1 2 4 8 16 31 7 11 21 25 13 14 19 6 10","0 0 12 61 80 136 232 203 144 88 44 23 0 0 0"
"15","1 2 4 8 16 15 19 21 25 30 3 5 23 9 10","0 0 13 48 103 149 186 209 166 90 41 14 3 1 0"
"15","1 2 4 8 16 31 7 11 21 13 14 17 18 20 9","0 0 13 48 103 149 186 209 166 90 41 14 3 1 0"
"15","1 2 4 8 16 31 7 11 21 25 13 14 17 18 3","0 0 13 50 97 149 202 197 154 106 41 8 5 1 0"
"15","1 2 4 8 16 31 7 11 21 25 13 14 17 18 5","0 0 13 50 97 149 202 197 154 106 41 8 5 1 0"
"15","1 2 4 8 16 15 19 21 25 30 3 5 23 9 6","0 0 13 50 101 141 194 221 154 82 49 16 1 1 0"
"15","1 2 4 8 16 31 7 11 21 13 14 26 3 17 18","0 0 13 51 96 144 207 207 144 96 51 13 0 0 1"
"15","1 2 4 8 16 31 7 11 21 25 13 14 17 20 6","0 0 13 51 96 144 207 207 144 96 51 13 0 0 1"
"15","1 2 4 8 16 31 7 11 21 25 13 14 17 3 5","0 0 13 51 97 144 202 207 154 96 41 13 5 0 0"
"15","1 2 4 8 16 31 7 11 21 25 13 14 17 20 9","0 0 13 51 97 144 202 207 154 96 41 13 5 0 0"
"15","1 2 4 8 16 15 19 21 25 3 29 5 27 7 14","0 0 14 45 102 160 180 195 180 96 30 15 6 0 0"
"15","1 2 4 8 16 15 19 21 25 30 3 5 10 29 7","0 0 14 46 100 157 188 197 168 98 38 12 4 1 0"
"15","1 2 4 8 16 15 19 21 25 30 3 5 10 12 7","0 0 14 47 100 152 188 207 168 88 38 17 4 0 0"
"15","1 2 4 8 16 15 19 21 25 30 3 5 23 9 7","0 0 14 47 100 152 188 207 168 88 38 17 4 0 0"
"15","1 2 4 8 16 31 7 11 21 13 14 17 18 6 9","0 0 14 47 100 152 188 207 168 88 38 17 4 0 0"
"15","1 2 4 8 16 31 7 11 21 13 14 17 18 20 3","0 0 14 48 98 149 196 209 156 90 46 14 2 1 0"
"15","1 2 4 8 16 31 7 11 21 25 13 3 17 6 9","0 0 14 48 98 149 196 209 156 90 46 14 2 1 0"
"15","1 2 4 8 16 31 7 11 21 25 13 3 17 6 20","0 0 14 48 98 149 196 209 156 90 46 14 2 1 0"
"15","1 2 4 8 16 15 19 21 25 30 3 5 10 12 6","0 0 14 49 98 144 196 219 156 80 46 19 2 0 0"
"15","1 2 4 8 16 31 7 11 21 13 14 17 20 3 6","0 0 14 49 98 144 196 219 156 80 46 19 2 0 0"
"15","1 2 4 8 16 31 7 11 21 25 13 14 17 5 6","0 0 14 50 92 149 212 197 144 106 46 8 4 1 0"
"15","1 2 4 8 16 31 7 11 21 13 14 26 3 17 5","0 0 14 51 92 144 212 207 144 96 46 13 4 0 0"
"15","1 2 4 8 16 31 7 11 21 25 13 14 17 5 9","0 0 14 51 92 144 212 207 144 96 46 13 4 0 0"
"15","1 2 4 8 16 31 7 11 21 25 13 14 17 20 5","0 0 14 51 92 144 212 207 144 96 46 13 4 0 0"
"15","1 2 4 8 16 31 7 11 21 13 14 26 3 6 10","0 0 14 53 94 136 204 219 156 88 38 15 6 0 0"
"15","1 2 4 8 16 31 7 11 21 25 13 14 3 5 9","0 0 14 53 94 136 204 219 156 88 38 15 6 0 0"
"15","1 2 4 8 16 15 19 21 25 30 3 5 10 29 17","0 0 15 44 97 165 190 185 170 106 35 10 5 1 0"
"15","1 2 4 8 16 15 19 21 25 3 29 5 10 12 18","0 0 15 45 96 160 195 195 160 96 45 15 0 0 1"
"15","1 2 4 8 16 15 19 21 25 30 3 5 10 7 26","0 0 15 45 96 160 195 195 160 96 45 15 0 0 1"
"15","1 2 4 8 16 15 19 21 25 30 3 5 10 12 17","0 0 15 45 96 160 195 195 160 96 45 15 0 0 1"
"15","1 2 4 8 16 31 7 11 21 13 17 3 24 12 18","0 0 15 45 96 160 195 195 160 96 45 15 0 0 1"
"15","1 2 4 8 16 31 7 11 21 25 3 17 23 27 30","0 0 15 45 96 160 195 195 160 96 45 15 0 0 1"
"15","1 2 4 8 16 15 19 21 25 3 29 5 27 7 18","0 0 15 45 97 160 190 195 170 96 35 15 5 0 0"
"15","1 2 4 8 16 15 19 21 25 30 3 5 10 7 11","0 0 15 45 97 160 190 195 170 96 35 15 5 0 0"
"15","1 2 4 8 16 15 19 21 25 3 29 5 27 7 17","0 0 15 46 95 157 198 197 158 98 43 12 3 1 0"
"15","1 2 4 8 16 31 7 11 21 13 14 17 18 6 10","0 0 15 46 95 157 198 197 158 98 43 12 3 1 0"
"15","1 2 4 8 16 31 7 11 21 13 17 3 24 12 10","0 0 15 46 95 157 198 197 158 98 43 12 3 1 0"
"15","1 2 4 8 16 31 7 11 21 25 13 3 17 5 18","0 0 15 46 95 157 198 197 158 98 43 12 3 1 0"
"15","1 2 4 8 16 31 7 11 21 25 13 3 17 6 18","0 0 15 46 95 157 198 197 158 98 43 12 3 1 0"
"15","1 2 4 8 16 31 7 11 21 25 13 3 18 5 20","0 0 15 46 95 157 198 197 158 98 43 12 3 1 0"
"15","1 2 4 8 16 31 7 11 21 25 13 3 18 20 24","0 0 15 46 95 157 198 197 158 98 43 12 3 1 0"
"15","1 2 4 8 16 31 7 11 21 13 14 17 18 6 3","0 0 15 47 95 152 198 207 158 88 43 17 3 0 0"
"15","1 2 4 8 16 31 7 11 21 13 14 17 18 6 5","0 0 15 47 95 152 198 207 158 88 43 17 3 0 0"
"15","1 2 4 8 16 31 7 11 21 13 14 17 20 3 10","0 0 15 47 95 152 198 207 158 88 43 17 3 0 0"
"15","1 2 4 8 16 31 7 11 21 13 17 3 24 12 5","0 0 15 47 95 152 198 207 158 88 43 17 3 0 0"
"15","1 2 4 8 16 31 7 11 21 25 13 3 17 6 5","0 0 15 47 95 152 198 207 158 88 43 17 3 0 0"
"15","1 2 4 8 16 31 7 11 21 13 14 17 18 20 5","0 0 15 48 93 149 206 209 146 90 51 14 1 1 0"
"15","1 2 4 8 16 31 7 11 21 25 13 3 18 6 10","0 0 15 48 93 149 206 209 146 90 51 14 1 1 0"
"15","1 2 4 8 16 15 19 21 25 30 3 5 23 6 7","0 0 15 50 95 141 198 221 158 82 43 16 3 1 0"
"15","1 2 4 8 16 31 7 11 21 13 14 17 3 6 9","0 0 15 50 95 141 198 221 158 82 43 16 3 1 0"
"15","1 2 4 8 16 31 7 11 21 25 13 14 3 5 6","0 0 15 52 89 141 214 209 146 98 43 10 5 1 0"
"15","1 2 4 8 16 31 7 11 21 25 13 14 5 6 9","0 0 15 52 89 141 214 209 146 98 43 10 5 1 0"
"15","1 2 4 8 16 31 7 11 21 13 14 26 3 6 5","0 0 15 53 88 136 219 219 136 88 53 15 0 0 1"
"15","1 2 4 8 16 31 7 11 21 25 13 14 5 9 15","0 0 15 53 88 136 219 219 136 88 53 15 0 0 1"
"15","1 2 4 8 16 31 7 11 21 13 17 3 24 15 9","0 0 16 44 92 165 200 185 160 106 40 10 4 1 0"
"15","1 2 4 8 16 15 19 21 25 3 29 5 12 18 7","0 0 16 45 92 160 200 195 160 96 40 15 4 0 0"
"15","1 2 4 8 16 15 19 21 25 3 29 5 27 6 17","0 0 16 45 92 160 200 195 160 96 40 15 4 0 0"
"15","1 2 4 8 16 15 19 21 25 3 29 5 27 7 6","0 0 16 45 92 160 200 195 160 96 40 15 4 0 0"
"15","1 2 4 8 16 15 19 21 25 30 3 5 10 7 17","0 0 16 45 92 160 200 195 160 96 40 15 4 0 0"
"15","1 2 4 8 16 31 7 11 21 13 17 3 23 10 15","0 0 16 45 92 160 200 195 160 96 40 15 4 0 0"
"15","1 2 4 8 16 31 7 11 21 13 17 3 23 10 20","0 0 16 45 92 160 200 195 160 96 40 15 4 0 0"
"15","1 2 4 8 16 31 7 11 21 13 17 3 24 12 15","0 0 16 45 92 160 200 195 160 96 40 15 4 0 0"
"15","1 2 4 8 16 31 7 11 21 13 17 3 24 15 5","0 0 16 45 92 160 200 195 160 96 40 15 4 0 0"
"15","1 2 4 8 16 31 7 11 21 13 17 3 24 15 10","0 0 16 45 92 160 200 195 160 96 40 15 4 0 0"
"15","1 2 4 8 16 31 7 11 21 13 14 17 18 3 5","0 0 16 46 90 157 208 197 148 98 48 12 2 1 0"
"15","1 2 4 8 16 31 7 11 21 13 17 3 24 5 10","0 0 16 46 90 157 208 197 148 98 48 12 2 1 0"
"15","1 2 4 8 16 31 7 11 21 25 13 3 18 5 6","0 0 16 46 90 157 208 197 148 98 48 12 2 1 0"
"15","1 2 4 8 16 15 19 21 25 3 29 5 10 12 6","0 0 16 47 90 152 208 207 148 88 48 17 2 0 0"
"15","1 2 4 8 16 31 7 11 21 13 14 17 18 5 10","0 0 16 47 90 152 208 207 148 88 48 17 2 0 0"
"15","1 2 4 8 16 31 7 11 21 13 14 17 20 3 5","0 0 16 47 90 152 208 207 148 88 48 17 2 0 0"
"15","1 2 4 8 16 31 7 11 21 25 13 3 18 20 6","0 0 16 47 90 152 208 207 148 88 48 17 2 0 0"
"15","1 2 4 8 16 15 19 21 25 30 3 5 23 7 17","0 0 16 47 94 152 192 207 172 88 32 17 6 0 0"
"15","1 2 4 8 16 31 7 11 13 14 17 18 5 12 6","0 0 16 47 94 152 192 207 172 88 32 17 6 0 0"
"15","1 2 4 8 16 31 7 11 13 14 17 18 5 9 6","0 0 16 48 92 149 200 209 160 90 40 14 4 1 0"
"15","1 2 4 8 16 31 7 11 21 13 14 17 3 6 10","0 0 16 48 92 149 200 209 160 90 40 14 4 1 0"
"15","1 2 4 8 16 31 7 11 21 25 13 3 5 9 6","0 0 16 48 92 149 200 209 160 90 40 14 4 1 0"
"15","1 2 4 8 16 31 7 11 21 25 3 17 23 27 19","0 0 16 49 88 144 216 219 136 80 56 19 0 0 0"
"15","1 2 4 8 16 31 7 11 21 13 14 17 20 10 15","0 0 16 49 92 144 200 219 160 80 40 19 4 0 0"
"15","1 2 4 8 16 31 7 11 21 25 13 3 5 9 12","0 0 16 49 92 144 200 219 160 80 40 19 4 0 0"
"15","1 2 4 8 16 31 7 11 21 13 14 26 3 5 10","0 0 16 53 84 136 224 219 136 88 48 15 4 0 0"
"15","1 2 4 8 16 31 7 11 21 25 13 14 5 9 12","0 0 16 53 84 136 224 219 136 88 48 15 4 0 0"
"15","1 2 4 8 16 31 7 11 21 13 14 3 6 9 12","0 0 16 57 96 120 192 243 160 72 48 19 0 0 0"
"15","1 2 4 8 16 15 19 21 25 3 29 5 10 12 17","0 0 17 44 87 165 210 185 150 106 45 10 3 1 0"
"15","1 2 4 8 16 31 7 11 21 13 3 18 20 10 15","0 0 17 44 87 165 210 185 150 106 45 10 3 1 0"
"15","1 2 4 8 16 31 7 11 21 13 3 18 20 10 5","0 0 17 45 87 160 210 195 150 96 45 15 3 0 0"
"15","1 2 4 8 16 31 7 11 21 13 3 18 20 10 6","0 0 17 45 87 160 210 195 150 96 45 15 3 0 0"
"15","1 2 4 8 16 31 7 11 21 13 17 3 24 9 10","0 0 17 45 87 160 210 195 150 96 45 15 3 0 0"
"15","1 2 4 8 16 31 7 11 21 25 13 5 6 18 20","0 0 17 46 85 157 218 197 138 98 53 12 1 1 0"
"15","1 2 4 8 16 15 19 21 25 3 29 5 6 18 7","0 0 17 46 89 157 202 197 162 98 37 12 5 1 0"
"15","1 2 4 8 16 15 19 21 25 30 3 5 6 17 7","0 0 17 46 89 157 202 197 162 98 37 12 5 1 0"
"15","1 2 4 8 16 31 7 11 13 14 17 18 5 9 3","0 0 17 46 89 157 202 197 162 98 37 12 5 1 0"
"15","1 2 4 8 16 31 7 11 13 14 17 18 5 9 12","0 0 17 46 89 157 202 197 162 98 37 12 5 1 0"
"15","1 2 4 8 16 31 7 11 21 13 17 3 9 15 10","0 0 17 46 89 157 202 197 162 98 37 12 5 1 0"
"15","1 2 4 8 16 15 19 21 25 30 3 5 6 7 22","0 0 17 47 88 152 207 207 152 88 47 17 0 0 1"
"15","1 2 4 8 16 31 7 11 13 14 17 18 5 6 15","0 0 17 47 88 152 207 207 152 88 47 17 0 0 1"
"15","1 2 4 8 16 31 7 11 21 13 17 3 23 5 20","0 0 17 47 88 152 207 207 152 88 47 17 0 0 1"
"15","1 2 4 8 16 31 7 11 13 14 17 18 5 12 3","0 0 17 47 89 152 202 207 162 88 37 17 5 0 0"
"15","1 2 4 8 16 31 7 11 21 13 17 3 23 6 5","0 0 17 47 89 152 202 207 162 88 37 17 5 0 0"
"15","1 2 4 8 16 31 7 11 21 13 14 17 3 5 10","0 0 17 48 87 149 210 209 150 90 45 14 3 1 0"
"15","1 2 4 8 16 31 7 11 21 13 14 17 3 6 5","0 0 17 48 87 149 210 209 150 90 45 14 3 1 0"
"15","1 2 4 8 16 31 7 11 21 13 14 17 20 10 5","0 0 17 48 87 149 210 209 150 90 45 14 3 1 0"
"15","1 2 4 8 16 31 7 11 21 25 13 5 6 9 12","0 0 17 48 87 149 210 209 150 90 45 14 3 1 0"
"15","1 2 4 8 16 15 19 21 25 3 5 10 12 17 6","0 0 18 45 82 160 220 195 140 96 50 15 2 0 0"
"15","1 2 4 8 16 15 19 21 25 3 29 5 12 18 17","0 0 18 45 82 160 220 195 140 96 50 15 2 0 0"
"15","1 2 4 8 16 15 19 21 25 3 29 5 7 17 18","0 0 18 46 84 157 212 197 152 98 42 12 4 1 0"
"15","1 2 4 8 16 31 7 11 13 14 17 18 5 3 15","0 0 18 46 84 157 212 197 152 98 42 12 4 1 0"
"15","1 2 4 8 16 31 7 11 21 13 3 18 20 5 6","0 0 18 46 84 157 212 197 152 98 42 12 4 1 0"
"15","1 2 4 8 16 15 19 21 25 30 3 5 7 22 17","0 0 18 47 84 152 212 207 152 88 42 17 4 0 0"
"15","1 2 4 8 16 31 7 11 13 14 17 18 5 6 3","0 0 18 47 84 152 212 207 152 88 42 17 4 0 0"
"15","1 2 4 8 16 31 7 11 21 13 17 3 10 15 5","0 0 18 47 84 152 212 207 152 88 42 17 4 0 0"
"15","1 2 4 8 16 31 7 11 21 13 14 3 6 9 5","0 0 18 53 90 136 196 219 164 88 42 15 2 0 0"
"15","1 2 4 8 16 31 7 11 21 13 14 3 6 10 15","0 0 18 53 90 136 196 219 164 88 42 15 2 0 0"
"15","1 2 4 8 16 31 7 11 13 18 20 3 5 15 6","0 0 19 46 79 157 222 197 142 98 47 12 3 1 0"
"15","1 2 4 8 16 31 7 11 21 13 17 20 10 15 5","0 0 19 46 79 157 222 197 142 98 47 12 3 1 0"
"15","1 2 4 8 16 31 7 11 13 14 17 18 12 3 15","0 0 19 48 81 149 214 209 154 90 39 14 5 1 0"
"15","1 2 4 8 16 31 7 11 21 13 3 18 10 15 5","0 0 19 48 81 149 214 209 154 90 39 14 5 1 0"
"15","1 2 4 8 16 15 19 21 25 3 5 10 12 6 9","0 0 19 49 80 144 219 219 144 80 49 19 0 0 1"
"15","1 2 4 8 16 15 19 21 25 30 3 18 7 22 17","0 0 19 49 80 144 219 219 144 80 49 19 0 0 1"
"15","1 2 4 8 16 31 7 11 21 13 14 17 5 10 15","0 0 19 50 79 141 222 221 142 82 47 16 3 1 0"
"15","1 2 4 8 16 15 19 21 25 3 5 23 7 17 6","0 0 19 51 87 144 198 207 166 96 39 13 3 0 0"
"15","1 2 4 8 16 15 19 21 25 3 5 23 7 17 22","0 0 19 51 87 144 198 207 166 96 39 13 3 0 0"
"15","1 2 4 8 16 31 7 11 21 13 14 3 6 10 5","0 0 19 52 85 141 206 209 154 98 47 10 1 1 0"
"15","1 2 4 8 16 31 7 11 21 13 14 26 5 10 15","0 0 19 57 72 120 243 243 120 72 57 19 0 0 1"
"15","1 2 4 8 16 7 11 19 5 24 9 20 3 12 17","0 0 20 45 72 160 240 195 120 96 60 15 0 0 0"
"15","1 2 4 8 16 15 19 21 9 23 3 6 20 17 7","0 0 20 50 82 149 208 197 156 106 44 8 2 1 0"
"15","1 2 4 8 16 31 7 11 13 14 17 3 5 10 15","0 0 20 51 82 144 208 207 156 96 44 13 2 0 0"
"15","1 2 4 8 16 31 7 11 21 13 14 3 5 10 15","0 0 20 53 80 136 216 219 144 88 52 15 0 0 0"
"15","1 2 4 8 16 31 7 11 13 14 3 5 10 12 6","0 0 22 61 94 136 188 203 156 88 46 23 6 0 0"
"15","1 2 4 8 16 31 7 11 13 14 3 5 9 6 15","0 0 23 60 89 141 198 193 146 98 51 18 5 1 0"
"15","1 2 4 8 16 31 7 11 13 14 3 5 10 12 15","0 0 23 61 88 136 203 203 136 88 61 23 0 0 1"
"15","1 2 4 8 16 7 11 13 14 3 5 9 15 6 10","0 0 28 77 112 168 232 203 112 56 28 7 0 0 0"
"15","1 2 3 4 5 6 7 8 9 10 11 12 13 14 15","0 0 35 105 168 280 435 435 280 168 105 35 0 0 1"
